{"cameraMode":{"drawMode":0,"name":"Shaded","section":"Shading Mode"},"sceneLighting":false,"audioPlay":false,"sceneViewState":{"showFog":true,"showMaterialUpdate":false,"showSkybox":false,"showFlares":true,"showImageEffects":true,"showParticleSystems":true,"showVisualEffectGraphs":true,"m_FxEnabled":false},"in2DMode":false,"pivot":{"x":-0.5008952617645264,"y":-0.00716710090637207,"z":-0.26095303893089297},"rotation":{"x":-0.826268196105957,"y":0.008939683437347412,"z":0.01315770298242569,"w":0.5630961060523987},"size":1.774456262588501,"orthographic":false}