{"cameraMode":{"drawMode":0,"name":"Shaded","section":"Shading Mode"},"sceneLighting":false,"audioPlay":false,"sceneViewState":{"showFog":true,"showMaterialUpdate":false,"showSkybox":false,"showFlares":true,"showImageEffects":true,"showParticleSystems":true,"showVisualEffectGraphs":true,"m_FxEnabled":false},"in2DMode":false,"pivot":{"x":0.15792696177959443,"y":-0.49638158082962038,"z":-0.23555928468704225},"rotation":{"x":-0.2566068768501282,"y":-0.6060607433319092,"z":-0.7214255332946777,"w":0.2155146598815918},"size":0.3464089035987854,"orthographic":false}