{"cameraMode":{"drawMode":0,"name":"Shaded","section":"Shading Mode"},"sceneLighting":false,"audioPlay":false,"sceneViewState":{"showFog":true,"showMaterialUpdate":false,"showSkybox":false,"showFlares":true,"showImageEffects":true,"showParticleSystems":true,"showVisualEffectGraphs":true,"m_FxEnabled":false},"in2DMode":false,"pivot":{"x":0.031866952776908877,"y":0.06779325008392334,"z":-0.01541680097579956},"rotation":{"x":-0.016661420464515687,"y":0.9531431794166565,"z":-0.2973533272743225,"w":-0.05355091020464897},"size":0.5744563341140747,"orthographic":false}