{"cameraMode":{"drawMode":0,"name":"Shaded","section":"Shading Mode"},"sceneLighting":true,"audioPlay":false,"sceneViewState":{"showFog":true,"showMaterialUpdate":false,"showSkybox":true,"showFlares":true,"showImageEffects":true,"showParticleSystems":true,"showVisualEffectGraphs":true,"m_FxEnabled":true},"in2DMode":false,"pivot":{"x":-7.056700706481934,"y":1.5019559860229493,"z":7.907842636108398},"rotation":{"x":0.03177623823285103,"y":0.041961412876844409,"z":-0.0013348018983379007,"w":0.9986166954040527},"size":8.267467498779297,"orthographic":false}