{"cameraMode":{"drawMode":0,"name":"Shaded","section":"Shading Mode"},"sceneLighting":true,"audioPlay":false,"sceneViewState":{"showFog":true,"showMaterialUpdate":false,"showSkybox":true,"showFlares":true,"showImageEffects":true,"showParticleSystems":true},"in2DMode":false,"pivot":{"x":0.7927498817443848,"y":-0.9058012962341309,"z":0.10084132850170136},"rotation":{"x":-0.3225334882736206,"y":0.6311969757080078,"z":-0.32525360584259035,"w":-0.6259186267852783},"size":9.710531234741211,"orthographic":false}