{"cameraMode":{"drawMode":0,"name":"Shaded","section":"Shading Mode"},"sceneLighting":false,"audioPlay":false,"sceneViewState":{"showFog":true,"showMaterialUpdate":false,"showSkybox":false,"showFlares":true,"showImageEffects":true,"showParticleSystems":true},"in2DMode":false,"pivot":{"x":-2.67807674407959,"y":-0.10353755950927735,"z":1.6526119709014893},"rotation":{"x":-0.2741974890232086,"y":0.5252699255943298,"z":-0.18362915515899659,"w":-0.7843406200408936},"size":8.31186294555664,"orthographic":false}