{"cameraMode":{"drawMode":0,"name":"Shaded","section":"Shading Mode"},"sceneLighting":false,"audioPlay":false,"sceneViewState":{"showFog":true,"showMaterialUpdate":false,"showSkybox":false,"showFlares":true,"showImageEffects":true,"showParticleSystems":true},"in2DMode":false,"pivot":{"x":0.2672147750854492,"y":-0.23875856399536134,"z":-0.2859611511230469},"rotation":{"x":-0.17900815606117249,"y":0.8041313886642456,"z":-0.2988370954990387,"w":-0.4816921055316925},"size":14.733619689941407,"orthographic":false}