{"cameraMode":{"drawMode":0,"name":"Shaded","section":"Shading Mode"},"sceneLighting":true,"audioPlay":false,"sceneViewState":{"showFog":true,"showMaterialUpdate":false,"showSkybox":true,"showFlares":true,"showImageEffects":true,"showParticleSystems":true},"in2DMode":false,"pivot":{"x":0.24440529942512513,"y":-1.658576488494873,"z":1.148709774017334},"rotation":{"x":-0.4492262601852417,"y":0.00510420510545373,"z":-0.002530474681407213,"w":-0.893412172794342},"size":9.282546997070313,"orthographic":false}