{"cameraMode":{"drawMode":0,"name":"Shaded","section":"Shading Mode"},"sceneLighting":true,"audioPlay":false,"sceneViewState":{"showFog":true,"showMaterialUpdate":true,"showSkybox":true,"showFlares":true,"showImageEffects":true,"showParticleSystems":true},"in2DMode":false,"pivot":{"x":-0.5367152690887451,"y":2.802077054977417,"z":-3.4500880241394045},"rotation":{"x":0.4524363875389099,"y":-0.004013069439679384,"z":0.0020359796471893789,"w":0.8917863965034485},"size":5.98641300201416,"orthographic":false}