{"cameraMode":{"drawMode":0,"name":"Shaded","section":"Shading Mode"},"sceneLighting":false,"audioPlay":false,"sceneViewState":{"showFog":true,"showMaterialUpdate":false,"showSkybox":false,"showFlares":true,"showImageEffects":true,"showParticleSystems":true},"in2DMode":false,"pivot":{"x":-1.0705370903015137,"y":0.9852380752563477,"z":-0.02468109130859375},"rotation":{"x":-0.17900815606117249,"y":0.8041313886642456,"z":-0.2988370954990387,"w":-0.4816921055316925},"size":8.850008964538575,"orthographic":false}