{"cameraMode":{"drawMode":0,"name":"Shaded","section":"Shading Mode"},"sceneLighting":true,"audioPlay":false,"sceneViewState":{"showFog":true,"showMaterialUpdate":true,"showSkybox":true,"showFlares":true,"showImageEffects":true,"showParticleSystems":true},"in2DMode":false,"pivot":{"x":-0.685335099697113,"y":2.7531347274780275,"z":-3.5183424949645998},"rotation":{"x":0.4524363875389099,"y":-0.004013069439679384,"z":0.0020359796471893789,"w":0.8917863965034485},"size":6.286413192749023,"orthographic":false}