{"cameraMode":{"drawMode":0,"name":"Shaded","section":"Shading Mode"},"sceneLighting":true,"audioPlay":false,"sceneViewState":{"showFog":true,"showMaterialUpdate":false,"showSkybox":true,"showFlares":true,"showImageEffects":true,"showParticleSystems":true},"in2DMode":false,"pivot":{"x":-0.43189048767089846,"y":-0.4763307571411133,"z":0.7303400039672852},"rotation":{"x":-0.2020094096660614,"y":0.6838792562484741,"z":-0.20617270469665528,"w":-0.6700696349143982},"size":11.868874549865723,"orthographic":false}