{"cameraMode":{"drawMode":0,"name":"Shaded","section":"Shading Mode"},"sceneLighting":true,"audioPlay":false,"sceneViewState":{"showFog":true,"showMaterialUpdate":false,"showSkybox":true,"showFlares":true,"showImageEffects":true,"showParticleSystems":true,"showVisualEffectGraphs":true,"m_FxEnabled":false},"in2DMode":false,"pivot":{"x":-0.31980082392692568,"y":-0.5790152549743652,"z":-1.0505156517028809},"rotation":{"x":-0.5001842975616455,"y":0.00284650013782084,"z":-0.0016364649636670948,"w":-0.8659228086471558},"size":4.051013469696045,"orthographic":false}