{"cameraMode":{"drawMode":0,"name":"Shaded","section":"Shading Mode"},"sceneLighting":true,"audioPlay":false,"sceneViewState":{"showFog":true,"showMaterialUpdate":false,"showSkybox":true,"showFlares":true,"showImageEffects":true,"showParticleSystems":true,"showVisualEffectGraphs":true,"m_FxEnabled":false},"in2DMode":false,"pivot":{"x":-0.41710805892944338,"y":-1.4972290992736817,"z":0.30017220973968508},"rotation":{"x":0.35443711280822756,"y":0.6168296337127686,"z":-0.36348605155944826,"w":0.6014761924743652},"size":5.043132305145264,"orthographic":false}