{"cameraMode":{"drawMode":0,"name":"Shaded","section":"Shading Mode"},"sceneLighting":true,"audioPlay":false,"sceneViewState":{"showFog":true,"showMaterialUpdate":false,"showSkybox":true,"showFlares":true,"showImageEffects":true,"showParticleSystems":true,"showVisualEffectGraphs":true,"m_FxEnabled":false},"in2DMode":false,"pivot":{"x":-0.12763828039169312,"y":0.11044740676879883,"z":0.011961936950683594},"rotation":{"x":0.25655609369277956,"y":-0.01739565096795559,"z":0.004616235848516226,"w":0.9663658738136292},"size":5.342566013336182,"orthographic":false}