{"cameraMode":{"drawMode":0,"name":"Shaded","section":"Shading Mode"},"sceneLighting":true,"audioPlay":false,"sceneViewState":{"showFog":true,"showMaterialUpdate":false,"showSkybox":true,"showFlares":true,"showImageEffects":true,"showParticleSystems":true,"showVisualEffectGraphs":true,"m_FxEnabled":false},"in2DMode":false,"pivot":{"x":-0.30810484290122988,"y":-0.5050263404846191,"z":-0.9247860908508301},"rotation":{"x":-0.49237269163131716,"y":0.001555563067086041,"z":-0.0008721660124137998,"w":-0.8703939318656921},"size":4.051013469696045,"orthographic":false}