{"cameraMode":{"drawMode":0,"name":"Shaded","section":"Shading Mode"},"sceneLighting":true,"audioPlay":false,"sceneViewState":{"showFog":true,"showMaterialUpdate":false,"showSkybox":true,"showFlares":true,"showImageEffects":true,"showParticleSystems":true,"showVisualEffectGraphs":true,"m_FxEnabled":false},"in2DMode":false,"pivot":{"x":-0.4235563576221466,"y":-0.9844284057617188,"z":-0.7531981468200684},"rotation":{"x":-0.4660441279411316,"y":0.00025385638582520187,"z":-0.00012607000826392323,"w":-0.8847728967666626},"size":4.443131923675537,"orthographic":false}