{"cameraMode":{"drawMode":0,"name":"Shaded","section":"Shading Mode"},"sceneLighting":true,"audioPlay":false,"sceneViewState":{"showFog":true,"showMaterialUpdate":false,"showSkybox":true,"showFlares":true,"showImageEffects":true,"showParticleSystems":true,"showVisualEffectGraphs":true,"m_FxEnabled":false},"in2DMode":false,"pivot":{"x":-0.018086737021803857,"y":-0.042362213134765628,"z":-0.19572162628173829},"rotation":{"x":0.4591228663921356,"y":0.000005015628175897291,"z":0.000005931110536039341,"w":0.8883898854255676},"size":5.042565822601318,"orthographic":false}