{"cameraMode":{"drawMode":0,"name":"Shaded","section":"Shading Mode"},"sceneLighting":true,"audioPlay":false,"sceneViewState":{"showFog":true,"showMaterialUpdate":false,"showSkybox":true,"showFlares":true,"showImageEffects":true,"showParticleSystems":true,"showVisualEffectGraphs":true,"m_FxEnabled":false},"in2DMode":false,"pivot":{"x":0.1886419653892517,"y":-0.13302135467529298,"z":-0.23187589645385743},"rotation":{"x":0.4484289586544037,"y":0.0013456960441544653,"z":-0.0006666547851637006,"w":0.8938342928886414},"size":5.642566204071045,"orthographic":false}