{"cameraMode":{"drawMode":0,"name":"Shaded","section":"Shading Mode"},"sceneLighting":false,"audioPlay":false,"sceneViewState":{"showFog":true,"showMaterialUpdate":false,"showSkybox":false,"showFlares":true,"showImageEffects":true,"showParticleSystems":true,"showVisualEffectGraphs":true,"m_FxEnabled":false},"in2DMode":false,"pivot":{"x":0.1947152018547058,"y":-0.13617737591266633,"z":-0.23184192180633546},"rotation":{"x":0.2671101689338684,"y":0.6542249321937561,"z":-0.26663118600845339,"w":0.6554011702537537},"size":0.5527557134628296,"orthographic":false}